Index,file,sample,charge,peptide_range,start_seq,end_seq,peptide,polymodal,dataset_run
0,0001-0009-MDIAIHHPW,D109H,2,0001-0009,1,9,MDIAIHHPW,,Yes
3,0001-0011-MDIAIHHPWIR,D109H,2,0001-0011,1,11,MDIAIHHPWIR,,Yes
6,0001-0013-MDIAIHHPWIRRP,D109H,3,0001-0013,1,13,MDIAIHHPWIRRP,,Yes
9,0001-0023-MDIAIHHPWIRRPFFPFHSPSRL,D109H,3,0001-0023,1,23,MDIAIHHPWIRRPFFPFHSPSRL,,Yes
10,0001-0023-MDIAIHHPWIRRPFFPFHSPSRL,D109H,4,0001-0023,1,23,MDIAIHHPWIRRPFFPFHSPSRL,,Yes
11,0001-0023-MDIAIHHPWIRRPFFPFHSPSRL,D109H,5,0001-0023,1,23,MDIAIHHPWIRRPFFPFHSPSRL,,Yes
18,0002-0023-DIAIHHPWIRRPFFPFHSPSRL,D109H,4,0002-0023,2,23,DIAIHHPWIRRPFFPFHSPSRL,,Yes
21,0003-0023-IAIHHPWIRRPFFPFHSPSRL,D109H,4,0003-0023,3,23,IAIHHPWIRRPFFPFHSPSRL,,Yes
24,0004-0023-AIHHPWIRRPFFPFHSPSRL,D109H,3,0004-0023,4,23,AIHHPWIRRPFFPFHSPSRL,,Yes
27,0008-0023-PWIRRPFFPFHSPSRL,D109H,2,0008-0023,8,23,PWIRRPFFPFHSPSRL,,Yes
30,0013-0024-PFFPFHSPSRLF,D109H,2,0013-0024,13,24,PFFPFHSPSRLF,,Yes
33,0014-0023-FFPFHSPSRL,D109H,2,0014-0023,14,23,FFPFHSPSRL,,Yes
36,0024-0034-FDQFFGEHLLE,D109H,2,0024-0034,24,34,FDQFFGEHLLE,,Yes
39,0024-0037-FDQFFGEHLLESDL,D109H,2,0024-0037,24,37,FDQFFGEHLLESDL,,Yes
42,0028-0034-FGEHLLE,D109H,2,0028-0034,28,34,FGEHLLE,,Yes
45,0029-0038-GEHLLESDLF,D109H,2,0029-0038,29,38,GEHLLESDLF,,Yes
48,0038-0053-FPTSTSLSPFYLRPPS,D109H,2,0038-0053,38,53,FPTSTSLSPFYLRPPS,,Yes
51,0038-0054-FPTSTSLSPFYLRPPSF,D109H,2,0038-0054,38,54,FPTSTSLSPFYLRPPSF,,Yes
54,0042-0054-TSLSPFYLRPPSF,D109H,2,0042-0054,42,54,TSLSPFYLRPPSF,,Yes
57,0043-0054-SLSPFYLRPPSF,D109H,2,0043-0054,43,54,SLSPFYLRPPSF,,Yes
60,0045-0054-SPFYLRPPSF,D109H,2,0045-0054,45,54,SPFYLRPPSF,,Yes
63,0046-0054-PFYLRPPSF,D109H,2,0046-0054,46,54,PFYLRPPSF,,Yes
66,0048-0054-YLRPPSF,D109H,2,0048-0054,48,54,YLRPPSF,,Yes
69,0049-0054-LRPPSF,D109H,2,0049-0054,49,54,LRPPSF,,Yes
72,0055-0060-LRAPSW,D109H,2,0055-0060,55,60,LRAPSW,,Yes
75,0055-0061-LRAPSWF,D109H,2,0055-0061,55,61,LRAPSWF,,Yes
78,0055-0065-LRAPSWFDTGL,D109H,2,0055-0065,55,65,LRAPSWFDTGL,,Yes
81,0055-0067-LRAPSWFDTGLSE,D109H,2,0055-0067,55,67,LRAPSWFDTGLSE,,Yes
84,0061-0067-FDTGLSE,D109H,1,0061-0067,61,67,FDTGLSE,,Yes
87,0061-0075-FDTGLSEMRLEKDRF,D109H,3,0061-0075,61,75,FDTGLSEMRLEKDRF,,Yes
90,0066-0075-SEMRLEKDRF,D109H,2,0066-0075,66,75,SEMRLEKDRF,,Yes
93,0066-0079-SEMRLEKDRFSVNL,D109H,3,0066-0079,66,79,SEMRLEKDRFSVNL,,Yes
96,0067-0075-EMRLEKDRF,D109H,2,0067-0075,67,75,EMRLEKDRF,,Yes
99,0067-0076-EMRLEKDRFS,D109H,2,0067-0076,67,76,EMRLEKDRFS,,Yes
102,0068-0074-MRLEKDR,D109H,2,0068-0074,68,74,MRLEKDR,,Yes
105,0068-0075-MRLEKDRF,D109H,2,0068-0075,68,75,MRLEKDRF,,Yes
108,0068-0079-MRLEKDRFSVNL,D109H,2,0068-0079,68,79,MRLEKDRFSVNL,,Yes
111,0069-0075-RLEKDRF,D109H,2,0069-0075,69,75,RLEKDRF,,Yes
114,0069-0079-RLEKDRFSVNL,D109H,2,0069-0079,69,79,RLEKDRFSVNL,,Yes
117,0071-0079-EKDRFSVNL,D109H,2,0071-0079,71,79,EKDRFSVNL,,Yes
120,0079-0088-LDVKHFSPEE,D109H,2,0079-0088,79,88,LDVKHFSPEE,,Yes
123,0079-0089-LDVKHFSPEEL,D109H,2,0079-0089,79,89,LDVKHFSPEEL,,Yes
126,0080-0086-DVKHFSP,D109H,2,0080-0086,80,86,DVKHFSP,,Yes
129,0080-0088-DVKHFSPEE,D109H,2,0080-0088,80,88,DVKHFSPEE,,Yes
132,0080-0089-DVKHFSPEEL,D109H,2,0080-0089,80,89,DVKHFSPEEL,,Yes
135,0080-0096-DVKHFSPEELKVKVLGD,D109H,3,0080-0096,80,96,DVKHFSPEELKVKVLGD,,Yes
138,0087-0096-EELKVKVLGD,D109H,2,0087-0096,87,96,EELKVKVLGD,,Yes
141,0089-0096-LKVKVLGD,D109H,2,0089-0096,89,96,LKVKVLGD,,Yes
144,0090-0112-KVKVLGDVIEVHGKHEERQDEHG,D109H,3,0090-0112,90,112,KVKVLGDVIEVHGKHEERQHEHG,,Yes
147,0090-0134-KVKVLGDVIEVHGKHEERQDEHGFISREFHRKYRIPADVDPLTIT,D109H,5,0090-0134,90,134,KVKVLGDVIEVHGKHEERQHEHGFISREFHRKYRIPADVDPLTIT,,Yes
150,0097-0112-VIEVHGKHEERQDEHG,D109H,3,0097-0112,97,112,VIEVHGKHEERQHEHG,,Yes
153,0097-0117-VIEVHGKHEERQDEHGFISRE,D109H,3,0097-0117,97,117,VIEVHGKHEERQHEHGFISRE,,Yes
156,0097-0134-VIEVHGKHEERQDEHGFISREFHRKYRIPADVDPLTIT,D109H,4,0097-0134,97,134,VIEVHGKHEERQHEHGFISREFHRKYRIPADVDPLTIT,,Yes
159,0113-0134-FISREFHRKYRIPADVDPLTIT,D109H,3,0113-0134,113,134,FISREFHRKYRIPADVDPLTIT,,Yes
162,0114-0134-ISREFHRKYRIPADVDPLTIT,D109H,3,0114-0134,114,134,ISREFHRKYRIPADVDPLTIT,,Yes
165,0114-0137-ISREFHRKYRIPADVDPLTITSSL,D109H,3,0114-0137,114,137,ISREFHRKYRIPADVDPLTITSSL,,Yes
168,0117-0123-EFHRKYR,D109H,2,0117-0123,117,123,EFHRKYR,,Yes
171,0118-0134-FHRKYRIPADVDPLTIT,D109H,3,0118-0134,118,134,FHRKYRIPADVDPLTIT,,Yes
174,0118-0137-FHRKYRIPADVDPLTITSSL,D109H,3,0118-0137,118,137,FHRKYRIPADVDPLTITSSL,,Yes
177,0135-0143-SSLSSDGVL,D109H,1,0135-0143,135,143,SSLSSDGVL,,Yes
180,0138-0175-SSDGVLTVNGPRKQVSGPERTIPITREEKPAVTAAPKK,D109H,4,0138-0175,138,175,SSDGVLTVNGPRKQVSGPERTIPITREEKPAVTAAPKK,,Yes
183,0144-0160-TVNGPRKQVSGPERTIP,D109H,3,0144-0160,144,160,TVNGPRKQVSGPERTIP,,Yes
186,0144-0175-TVNGPRKQVSGPERTIPITREEKPAVTAAPKK,D109H,5,0144-0175,144,175,TVNGPRKQVSGPERTIPITREEKPAVTAAPKK,,Yes
189,0146-0175-NGPRKQVSGPERTIPITREEKPAVTAAPKK,D109H,6,0146-0175,146,175,NGPRKQVSGPERTIPITREEKPAVTAAPKK,,Yes
192,0161-0175-ITREEKPAVTAAPKK,D109H,2,0161-0175,161,175,ITREEKPAVTAAPKK,,Yes
